username,tweet
DesaJamhari,@detikcom Jangan salah seperti 2x pencalonan gub Jabar. Rakyat tak peduli dg kekerabatan atau kedekatan personal calon. Hitung yg cerdas matang bijak dan rasional perjuangkan bersama habisÂ²an tak kalah power oleh pihak lawan. Jabar lumbung pak Prabowo ğŸ˜„ğŸ˜„ğŸ¤­
galihholic_23,@sulaimanariefst @gibran_tweet ya trus napeeeee ???? sirik aja .. kasihan prabowo kalah 2 kali ğŸ¤£ğŸ¤£ğŸ¤£ğŸ¤£
Orangbiasaajeh,@florieliciouss @prabowo @bengkeldodo Saya izinkan... tapi maaf saya gak ikutanğŸ™
habiburokhman,"malming nonton film Adagium dengan pimpinan, Insya allah Pak Prabowo jadi Presiden 2024  https://t.co/bJrmrHH3Fk"
bedarmanto,"Si Bungsu nanya ""beh..th depan aku ikut pemilu ya?""  ""Benar. Emang kamu mau pilih siapa?"" saya nanya..""Pak Ganjar"" jawabnya ""Kenapa bkn Prabowo?"" Lanjut saya.. ""Ga mau entar disuruh wamil."" Katanya.  ""Kalau Anies?""  Jawabnya ""Ogah. Mukanya jelek. Tampangnya kaya penipu."""
eurekaa1982,"Survei SPIN: Elektabilitas Prabowo Subianto Masih Teratas, Ganjar dan Anies Bersaing Ketat   https://t.co/gcufraFeL1"
ch_chotimah2,"Pengakuan Prabowo ini bukti jika cebong itu pintar memilih pemimpin.  Sdngkan pengakuan kadrun soal Prabowo, seperti pengkhianat dll, bukti jika kadrun itu bodoh memilih pemimpin, Krn Prabowo capres pilihan mereka.  2024 silahkan rakyat memilih, mau ikut yg pintar atau yg bodoh??  https://t.co/4LsUkSZ48M"
Reilly_Prabowo,@VultureGMI @ChungosNFT @Burpss88
OposisiCerdas,"Relawan Jokowi Tolak Dukung Capres Usungan PDIP dan Pilih Prabowo, Hasto Sebut Kedelai dan Tempe  https://t.co/UuJaaKq7XD"
Dilan_Radith,"@ch_chotimah2 @aniesbaswedan @abu_waras @Yurissa_Samosir @ganjarpranowo @03__nakula @Aryprasetyo85 @FayaAtika @Urrangawak Jajang mending lu ikut Noel dukung Prabowo. Ngapain dukung Ganjar rugi, gak laku. Kalo lu pinter ya dukung Pak @aniesbaswedan ."
naresnarr,"After all betrayals and unfairness, I don't understand what on Earth I'm still kind. I hope this is a strength that God has given to me."
sumitra73006385,@Dennysiregar7 Deni ganjar..noel sama abu janda ke prabowo..loe gk jadi gelar tiker ..dikeroyok..ğŸ¤£ğŸ¤£ğŸ¤£ğŸ¤£ğŸ¤£
JHPrabowo,@KangSemproel @zahnovi ğŸ™ğŸ˜ƒ
naresnarr,My heart was broken into pieces but don't ever dare to ask for trust because no one can ever fixed the broken pieces of me.  You've lost me the person who love you the most.
Reilly_Prabowo,@jpgPapiii @quirkiesnft @tooneysoprano Finally! ğŸ˜‚
habiburokhman,kian hari kian panjnag gerbong pendukung Pak @prabowo    https://t.co/KM3VxHhhr7
AdrianWicakso15,"Momen Bapak Prabowo Subianto ketika kembali mengunjungi posko pengungsian korban bencana alam gempa di pos dapur lapangan Kopassus/ TNI AD Cianjur ( Rabu, 7 Desember 2022 ).  Dan untuk seluruh korban jangan menyerah, jangan bersedih dan berputus asa, semoga apa yang menimpa in..."
Mundiwangi4,Lembaga Survei dan Polling Indonesia (SPIN) merilis survei bahwa sebagian besar publik mengetahui Presiden Joko Widodo menunjukkan dukungannya terhadap sosok Prabowo Subianto maupun Ganjar Pranowo.  https://t.co/uHFvyHrhcc
Boel_Ary,"@OposisiCerdas "" BERHASIL MEMBOHONGI SELURUH RAKYAT INDOESIA "" Ade Ijazah Da' Tu???   Dear MR. PRABOWO Tak perlu lh jd PENJILAT untuk mendapat kn KEKUASAAN"
zanettinodebat,Sapa tau pak @jokowi atau pak @prabowo Mau sewa buat ngurus yg di Papua??   https://t.co/HOuCk9Tqho
BoimPringgadani,"@Umar_Hasibuan__ @fadlizon Mwnurut sy ini strategi Abu Janda agar Pak Prabowo kalah, fiks no debat ğŸ¤£"
naresnarr,"""The moral arc of the universe is long, but it bends towards justice""- Martin Luther King Sometimes the ideologies of people ruined humanity. Justice isn't about giving people all the same properties equally, but humans have the same rights to live.  https://t.co/OSljelIrxb"
CryptoCoinspire,@MakNyinyik @esti_upay @AH_SiregarXIX @jokowi @erickthohir @mohmahfudmd @prabowo Mak.. urus dapur aja sono mak.. semua2nya skrg pada mahal mak.. jangan pamer kalo otak mu ga ada isinya mak..
UM_akhsan,@AH_SiregarXIX @jokowi @erickthohir @mohmahfudmd @prabowo Nah ...
prabowoadhy,@Al__Quraan @gampanglaperr
ngebowo,@mojitosann @tanyakanrl :) kalau bisa juga hari ini aku udh di rumah kamu
NugroDwi,"@florieliciouss @prabowo @bengkeldodo Saya ngak masalah dengan perbedaan, saya Bermasalah dengan ""Munafik"" Dan para politik seperti kaum munafik, kenapa???"
AzizSugiharto,@lisse_lisse @bobby_risakotta @jokowi @prabowo @ganjarpranowo @erickthohir @YaqutCQoumas Kl amin yg lain banyak mbak
ngebowo,@mojitosann nge apa? apa?? ha?
autokrat_not,"""Alhamdulillah hari ini saya diberikan kesempatan untuk bergabung bersama Partai Gerindra. Insya allah kita akan bersama-sama menangkan Gerindra dan Pak Prabowo di Cilegon pada 2024 nanti,"" ucap Helldy."
autokrat_not,"Itu sebabnya, kenapa Pak Prabowo harus menang, karena cita-cita Pak Prabowo salah satunya adalah memastikan bahwa kita semua dalam keadaan yang cukup, pangan cukup, sandang cukup, anak-anak kita sekolah, masyarakat kita bisa tersenyum menghadapi masa depannya,"" jelas Muzani."
HarsayaPrabowo,ğŸ¤—ğŸ¤—  #ã‚¢ãƒ³ãƒ‡ãƒƒãƒ‰ã‚¢ãƒ³ãƒ©ãƒƒã‚¯ #å†¬éš å¸°è·¯ #ãƒ™ãƒ«ã‚»ãƒ«ã‚¯  https://t.co/HUpd4BeIHl
autokrat_not,"Terimakasih telah memberikan kepercayaan kepada pasangan Prabowo-Sandi sehingga menjadi pemenang di Pilpres lalu,"" jelas Wakil Ketua MPR itu.   ""Kami harap masyarakat Banten akan kembali memberikan kepercayaannya kepada Prabowo sebagai presiden di 2024 nanti."
DeftHardMaster,@eddyiskongz @Reilly_Prabowo @CyberKongz Letâ€™s goooo brother! Hell ya!   @mattnesci @jrider716 @HiLLCoRe1337 go go @s4mch4n2
AlBarabasi,@bobby_risakotta @lisse_lisse @jokowi @prabowo @ganjarpranowo @erickthohir @YaqutCQoumas Dan skr jadi Gelandangan politik beneran bang
autokrat_not,"Muzani berharap, masyarakat Banten yang memilih Prabowo pada 2019 lalu tetap setia dan memilih kembali di Pilpres 2024."
autokrat_not,"Sekali lagi terimakasih kepada rakyat Banten yang sudah berpartisipasi memeriahkan pesta rakyat ini,"" kata Muzani.   Kemudian Muzani menyampaikan salam hormat dari Ketua Umum Partai Gerindra yang juga Menteri Pertahanan RI Prabowo Subianto untuk masyarakat Banten yang hadir."
Alhamdulillahm7,@OposisiCerdas Prabowo lewat berarti... ğŸ¤£ğŸ¤£ğŸ¤£ğŸ˜‚ğŸ˜‚ğŸ˜‚ğŸ˜‚
WulandaPrabowo,"Bru nemuin schedul pulang pagii siang brgkt â””ÂªÂªÆÎ (Ë˜_Ë˜"")"" owee"
adia311,@_bishibashi Eh di season 2 ketemu lagi di vietnam ğŸ¤£ğŸ¤£ğŸ¤£  https://t.co/m1EHxY4VkW
fajaronline,"Pilpres 2024, Ahmad Muzani Harap Pemilih Banten Tetap Setia kepada Prabowo Subianto  https://t.co/d2J1hc23nQ"
Jember_Gerindra,"Kemeriahan perayaan HUT Ke-15, DPC Partai Gerindra Kabupaten Jember adakan Jalan Sehat Bertajuk ""Mlaku Bareng PRABOWO Pada hari ini 19 Februari 2023.  Ketua DPC Partai Gerindra Kabupaten Jember Bapak H Ahmad Halim, S.Sos   Mengatakan Jalan sehat ini diikuti oleh 24.000 peserta  https://t.co/sg7p20udeD"
autokrat_not,Sekjen Muzani: Kami Harap Warga Banten Tetap Pilih Prabowo dan Gerindra di Pemilu 2024  DPD Partai Gerindra Banten menggelar acara jalan sehat dan pesta rakyat dalam rangka memperingati HUT Partai Gerindra yang ke-15.  https://t.co/h6DoJ0eCwn
hellsing1997199,IT'S TIME TO DO IT BRO ğŸ˜ğŸğŸ˜‡ @Reilly_Prabowo @Camilosg300 @JohnazJohn @aquilaneratr @AyazBinSabir2 @dingdinggibaway   https://t.co/cs4vu8TMw1
AcilAhmad4,"Momen Bapak Prabowo Subianto ketika kembali mengunjungi posko pengungsian korban bencana alam gempa di pos dapur lapangan Kopassus/ TNI AD Cianjur ( Rabu, 7 Desember 2022 ).  Dan untuk seluruh korban jangan menyerah, jangan bersedih dan berputus asa, semoga apa yang menimpa in..."
Selo57550672,@florieliciouss @prabowo Bismillah berkah Syarifah...  https://t.co/NFz2uObgRD
PloverSnow,@Reilly_Prabowo @quirkiesnft @tooneysoprano Congrats and welcome to Quirksville!!  https://t.co/ZyM7gDr69h
IDNTimes,"Fahri Hamzah Pilih Prabowo Ketimbang Anies, Ini Alasannya  https://t.co/7trgfR4KxY"
rezaprabowo,@ichanbadak ğŸ˜‚ğŸ˜‚ğŸ˜‚ yajugaya
HerruPrabowo3,@dinaardhelia Hmm.. Cantik
HerruPrabowo3,@bundariaria Cantik
jpgPapiii,@Reilly_Prabowo @quirkiesnft @tooneysoprano Congrats and welcome!!!
23_prabowo,jangan lupa bahagia jangan lupa bahagia walau laprak bikin gila
ahpanii,@tanyarlfes mirip prabowo
